{"gro_manty": {"c_0": -7.26784, "c_sqrtd": 0.43371, "c_d": -0.06895, "c_logG": -0.21569, "c_baL": -0.12577, "c_logts": 1.117, "c_omt": 0.13314, "c_vt": -0.18185, "c_ct": -0.51947, "c_suo": -0.24673}, "gro_kuusi": {"c_0": -13.57897, "c_sqrtd": 0.14815, "c_d": -0.02769, "c_logG": -0.21123, "c_baL": -0.05353, "c_baLku": -0.08145, "c_logts": 1.8564, "c_omt": 0.26977, "c_vt": -0.17358, "c_ct": -0.65594}, "gro_lehti": {"c_0": -8.87703, "c_sqrtd": 0.50809, "c_d": -0.07703, "c_logG": -0.39997, "c_baL": -0.05731, "c_logts": 1.25888, "c_omt": 0.24615, "c_vt": -0.22117, "c_ct": -0.31674, "c_raha": 0.02446}, "sur_manty": {"c_0": 1.05724, "c_sqrtd": 1.76075, "c_d": -0.20275, "c_baL": -0.25057, "c_suo": -0.41725}, "sur_kuusi": {"c_0": 5.10809, "c_sqrtd": 0.40373, "c_d": -0.08404, "c_baLku": -0.23622, "c_suo": -0.53872}, "sur_lehti": {"c_0": 1.93995, "c_sqrtd": 0.59271, "c_d": -0.08597, "c_baLma": -0.05353, "c_baLkuko": -0.13309, "c_suo": -0.25416, "c_koivu": 0.64995, "c_haapa": 1.28596}, "ingrowth_manty": {"c_0": -7.99513, "c_logts": 1.37658, "c_sqrtG": -0.46211, "c_omt": -1.56547, "c_vt": 0.682}, "ingrowth_kuusi": {"c_0": -13.03536, "c_logts": 1.98146, "c_sqrtG": -0.86858, "c_sqrtGma": 0.41083, "c_vtct": -1.61653}, "ingrowth_koivu": {"c_0": 1.63571, "c_logts": 0.45805, "c_sqrtG": -1.04302, "c_sqrtGma": 0.33976, "c_vtct": -0.59851}, "ingrowth_leppa": {"c_0": -21.41291, "c_logts": 2.58776, "c_sqrtG": -0.14962, "c_omt": 1.10894, "c_vtct": -0.92546}}
